Freq,size,media,max_fft,min_freq,max_freq,Freq-min,max-Freq,OK
311.12,7,633,15808,306,318,4,7,1
329.632,5,4863,11780,324,333,5,4,1
349.232,8,246,7164,341,355,7,6,1
293.664,6,924,5372,287,296,6,3,1
277.184,3,123,153,273,279,3,2,0
392.0,1,144,144,384,384,7,-7,0
370.0,3,87,117,363,371,6,1,0
349.232,8,1029,20274,341,357,7,8,1
293.664,6,4344,18816,289,298,4,5,1
329.632,8,1034,16690,322,337,7,8,1
311.12,9,502,6465,302,318,8,7,1
370.0,4,239,363,363,371,6,1,0
277.184,7,149,334,269,281,7,4,0
311.12,7,2372,19646,302,316,8,5,1
293.664,7,1958,15387,287,298,6,5,1
329.632,7,543,10390,324,335,5,6,1
349.232,8,407,3405,341,355,7,6,1
277.184,5,225,340,269,277,7,0,0
370.0,5,127,201,363,371,6,1,0
349.232,7,1682,17636,341,357,7,8,1
329.632,8,726,17497,322,335,7,6,1
311.12,7,505,2911,304,318,6,7,1
293.664,7,507,1435,287,298,6,5,1
277.184,7,155,336,271,283,5,6,0
370.0,7,142,329,361,373,8,3,0
392.0,6,163,313,384,402,7,10,0
246.944,2,139,145,240,251,6,5,0
311.12,7,1609,18379,302,316,8,5,1
293.664,8,1040,16451,287,300,6,7,1
349.232,8,382,13266,339,355,9,6,1
329.632,9,764,7705,322,337,7,8,1
277.184,5,250,398,269,277,7,0,0
246.944,1,104,104,251,251,-5,5,0
329.632,7,735,17256,322,333,7,4,1
293.664,6,2957,16624,289,298,4,5,1
311.12,7,1367,10035,304,316,6,5,1
349.232,8,670,9473,341,355,7,6,1
277.184,6,274,702,271,281,5,4,0
392.0,4,269,395,382,388,9,-3,0
233.08,2,174,210,236,238,-3,5,0
246.944,2,98,119,240,251,6,5,0
349.232,9,183,17770,339,355,9,6,1
311.12,7,440,12676,306,318,4,7,1
329.632,7,725,5234,324,335,5,6,1
293.664,8,257,3541,287,300,6,7,1
277.184,6,242,680,271,281,5,4,0
329.632,8,585,17296,324,337,5,8,1
311.12,9,670,15497,302,318,8,7,1
293.664,8,635,12194,287,300,6,7,1
277.184,3,286,366,271,275,5,-1,0
349.232,7,643,17348,343,355,5,6,1
293.664,8,959,16762,287,300,6,7,1
311.12,6,781,4687,306,316,4,5,1
329.632,3,2318,3704,328,332,1,2,1
370.0,3,130,232,365,369,4,0,0
329.632,8,793,18452,324,337,5,8,1
311.12,8,847,18378,304,318,6,7,1
349.232,7,706,9643,343,355,5,6,1
293.664,6,1480,8470,289,298,4,5,1
277.184,2,257,318,275,277,1,0,0
370.0,5,89,220,363,371,6,1,0
392.0,3,118,145,384,402,7,10,0
233.08,1,131,131,238,238,-5,5,0
349.232,6,2757,13056,341,353,7,4,1
293.664,7,1041,7731,287,298,6,5,1
311.12,5,1771,4040,306,314,4,3,1
329.632,6,482,2170,326,335,3,6,1
277.184,3,175,258,271,275,5,-1,0
370.0,2,218,251,365,369,4,0,0
392.0,1,184,184,384,384,7,-7,0
329.632,8,953,20029,324,337,5,8,1
293.664,6,4076,19121,289,298,4,5,1
311.12,6,3856,17691,306,316,4,5,1
349.232,6,4086,17656,345,357,3,8,1
277.184,4,92,117,271,279,5,2,0
293.664,6,3017,13347,289,298,4,5,1
311.12,8,590,12430,302,318,8,7,1
349.232,9,281,4231,341,357,7,8,1
329.632,7,517,846,322,335,7,6,1
370.0,5,146,302,361,375,8,5,0
277.184,6,143,197,269,279,7,2,0
329.632,7,2008,20044,326,337,3,8,1
349.232,9,250,19900,339,355,9,6,1
311.12,7,1177,12574,304,318,6,7,1
293.664,7,300,5018,287,298,6,5,1
277.184,6,188,456,269,281,7,4,0
370.0,6,178,294,363,373,6,3,0
392.0,4,178,267,384,402,7,10,0
246.944,1,126,126,251,251,-5,5,0
293.664,8,1448,18463,287,300,6,7,1
311.12,8,1312,18098,304,318,6,7,1
349.232,7,409,7240,343,355,5,6,1
329.632,7,371,2474,324,335,5,6,1
370.0,6,183,315,361,373,8,3,0
277.184,6,169,259,269,281,7,4,0
329.632,7,1142,18212,324,337,5,8,1
349.232,9,654,14835,339,357,9,8,1
293.664,6,2575,14608,289,298,4,5,1
311.12,9,275,4444,302,318,8,7,1
277.184,7,194,556,269,283,7,6,0
246.944,1,91,91,251,251,-5,5,0
311.12,7,1348,19782,302,316,8,5,1
349.232,9,314,16260,341,357,7,8,1
329.632,8,352,4716,322,335,7,6,1
293.664,6,688,1009,289,298,4,5,1
277.184,5,350,524,271,279,5,2,0
246.944,1,75,75,240,240,6,-6,0
329.632,8,643,16313,322,335,7,6,1
293.664,8,691,13718,287,300,6,7,1
349.232,6,990,6324,343,355,5,6,1
311.12,7,454,4097,306,318,4,7,1
277.184,4,352,587,271,277,5,0,0
392.0,3,298,349,382,386,9,-5,0
349.232,8,753,20470,341,355,7,6,1
293.664,8,1153,18554,287,300,6,7,1
311.12,9,766,17334,302,318,8,7,1
329.632,6,1181,6757,322,333,7,4,1
277.184,4,103,246,271,281,5,4,0
370.0,5,104,226,363,371,6,1,0
659.264,1,133,133,642,642,16,-16,0
233.08,2,119,124,236,238,-3,5,0
220.0,1,120,120,218,218,1,-1,0
392.0,2,99,109,382,384,9,-7,0
329.632,8,505,15857,322,335,7,6,1
311.12,8,389,11407,304,318,6,7,1
293.664,6,825,4824,289,300,4,7,1
349.232,7,391,2661,343,355,5,6,1
277.184,2,257,264,275,277,1,0,0
370.0,3,117,244,365,369,4,0,0
246.944,1,122,122,240,240,6,-6,0
349.232,7,756,19533,341,353,7,4,1
293.664,7,1772,12467,287,298,6,5,1
311.12,7,1460,11525,304,316,6,5,1
329.632,8,930,9333,324,337,5,8,1
277.184,3,206,290,273,277,3,0,0
392.0,3,116,182,384,402,7,10,0
233.08,1,145,145,238,238,-5,5,0
659.264,1,75,75,677,677,-18,18,0
293.664,8,1122,17513,287,300,6,7,1
311.12,9,565,17033,302,318,8,7,1
329.632,8,436,16251,322,335,7,6,1
349.232,8,800,11814,341,355,7,6,1
277.184,2,184,209,273,275,3,-1,0
370.0,2,161,194,365,369,4,0,0
329.632,8,683,12340,322,337,7,8,1
349.232,9,371,12023,339,357,9,8,1
293.664,7,1661,11039,287,298,6,5,1
311.12,8,437,3059,304,318,6,7,1
277.184,7,164,445,269,283,7,6,0
370.0,5,187,309,363,371,6,1,0
392.0,4,106,277,382,388,9,-3,0
246.944,1,84,84,240,240,6,-6,0
311.12,7,2030,19648,302,316,8,5,1
349.232,7,1563,19233,339,353,9,4,1
329.632,7,758,16641,322,337,7,8,1
293.664,5,1813,7194,289,296,4,3,1
277.184,2,100,117,275,279,1,2,0
392.0,1,93,93,384,384,7,-7,0
293.664,5,6717,20036,291,298,2,5,1
329.632,6,3393,13702,324,337,5,8,1
311.12,8,688,6549,302,316,8,5,1
349.232,9,345,2392,339,355,9,6,1
349.232,6,4857,20450,341,355,7,6,1
311.12,6,3996,17419,304,318,6,7,1
329.632,6,3656,15532,322,335,7,6,1
293.664,7,2047,14629,287,300,6,7,1
277.184,6,117,256,269,281,7,4,0
329.632,6,2745,13466,322,333,7,4,1
311.12,7,1194,12382,304,316,6,5,1
349.232,8,267,9467,339,353,9,4,1
293.664,6,892,3964,287,300,6,7,1
277.184,4,454,725,269,277,7,0,0
415.312,5,170,255,404,423,11,8,0
293.664,8,1661,19732,287,300,6,7,1
349.232,10,1578,18558,339,357,9,8,1
329.632,9,2239,17660,322,337,7,8,1
311.12,8,999,12075,302,318,8,7,1
311.12,8,1533,36872,304,318,6,7,1
349.232,10,689,35112,339,357,9,8,1
293.664,8,1995,32589,287,300,6,7,1
329.632,8,1056,31239,324,337,5,8,1
277.184,4,623,1100,271,283,5,6,0
246.944,1,192,192,240,240,6,-6,0
329.632,8,636,25601,322,335,7,6,1
349.232,9,536,10225,339,357,9,8,1
293.664,8,464,4669,287,300,6,7,1
311.12,7,696,3491,302,314,8,3,1
392.0,7,197,644,384,402,7,10,0
246.944,2,167,237,240,242,6,-4,0
349.232,9,591,17791,339,355,9,6,1
311.12,7,908,16929,304,316,6,5,1
329.632,8,696,14823,324,337,5,8,1
293.664,7,1278,12374,287,298,6,5,1
277.184,3,240,295,271,277,5,0,0
370.0,3,111,258,365,369,4,0,0
293.664,8,1206,18820,287,300,6,7,1
329.632,7,327,9682,322,335,7,6,1
311.12,8,212,7997,304,318,6,7,1
349.232,6,1240,6185,341,353,7,4,1
370.0,2,260,293,365,369,4,0,0
277.184,4,148,194,269,275,7,-1,0
329.632,9,827,17192,322,337,7,8,1
349.232,7,400,16186,341,353,7,4,1
311.12,7,1707,14712,304,316,6,5,1
293.664,7,305,7221,287,300,6,7,1
392.0,2,128,163,384,388,7,-3,0
349.232,9,274,15625,339,355,9,6,1
311.12,7,1816,15333,304,316,6,5,1
293.664,8,1213,10958,287,300,6,7,1
329.632,8,527,7329,324,337,5,8,1
277.184,7,138,383,269,283,7,6,0
370.0,4,276,368,363,371,6,1,0
293.664,8,1574,19376,287,300,6,7,1
329.632,6,4762,19306,326,335,3,6,1
311.12,8,804,8807,302,318,8,7,1
349.232,7,906,8407,345,357,3,8,1
277.184,4,279,370,269,277,7,0,0
370.0,6,150,249,361,371,8,1,0
246.944,2,82,89,240,242,6,-4,0
349.232,8,666,19528,339,357,9,8,1
311.12,9,356,18741,302,318,8,7,1
293.664,7,2245,10922,289,300,4,7,1
329.632,8,660,4632,324,337,5,8,1
370.0,5,156,288,363,371,6,1,0
277.184,5,122,287,271,279,5,2,0
392.0,4,156,253,384,402,7,10,0
415.312,6,152,230,404,423,11,8,0
246.944,1,78,78,251,251,-5,5,0
329.632,7,1327,19451,324,337,5,8,1
293.664,6,1831,6914,287,298,6,5,1
349.232,6,742,2726,343,353,5,4,1
311.12,7,534,1077,304,316,6,5,1
277.184,6,208,412,271,281,5,4,0
392.0,5,133,195,382,402,9,10,0
370.0,2,163,177,367,369,2,0,0
415.312,5,134,162,404,423,11,8,0
220.0,3,139,148,216,220,3,0,0
233.08,2,109,137,236,238,-3,5,0
196.0,2,99,111,199,201,-3,5,0
246.944,1,107,107,240,240,6,-6,0
185.0,1,103,103,181,181,3,-3,0
440.0,1,91,91,441,441,-1,1,0
311.12,8,775,17857,304,318,6,7,1
293.664,7,1245,17766,289,300,4,7,1
349.232,8,679,16921,341,355,7,6,1
329.632,6,422,2871,324,335,5,6,1
277.184,5,396,697,269,281,7,4,0
329.632,8,780,18404,322,335,7,6,1
293.664,8,998,13036,287,300,6,7,1
349.232,5,4257,11679,345,353,3,4,1
311.12,9,428,7787,302,318,8,7,1
277.184,4,392,610,271,277,5,0,0
246.944,1,119,119,240,240,6,-6,0
311.12,8,586,13534,302,316,8,5,1
349.232,7,386,10375,343,355,5,6,1
293.664,3,972,1569,291,294,2,1,1
329.632,3,499,811,328,332,1,2,1
277.184,3,222,333,271,275,5,-1,0
392.0,3,220,286,382,386,9,-5,0
370.0,4,127,258,363,369,6,0,0
329.632,8,666,18085,322,335,7,6,1
349.232,7,655,17002,343,355,5,6,1
293.664,8,963,14495,287,300,6,7,1
311.12,9,540,14328,302,318,8,7,1
370.0,4,128,283,363,369,6,0,0
277.184,4,153,202,271,277,5,0,0
392.0,3,105,120,382,402,9,10,0
293.664,8,955,16739,287,300,6,7,1
311.12,7,1003,6888,304,316,6,5,1
329.632,7,549,1827,326,337,3,8,1
349.232,7,176,1482,339,355,9,6,1
277.184,3,195,335,275,281,1,4,0
370.0,5,97,181,363,371,6,1,0
392.0,2,141,172,384,386,7,-5,0
246.944,1,79,79,240,240,6,-6,0
329.632,7,945,18784,322,333,7,4,1
349.232,7,773,18685,341,353,7,4,1
311.12,8,912,18372,304,318,6,7,1
293.664,7,568,4073,287,298,6,5,1
370.0,3,148,295,365,369,4,0,0
277.184,3,191,222,271,275,5,-1,0
392.0,2,108,138,384,388,7,-3,0
293.664,6,2992,13502,287,296,6,3,1
349.232,9,466,9213,341,357,7,8,1
329.632,8,737,3801,324,337,5,8,1
311.12,8,492,1581,302,316,8,5,1
277.184,5,157,206,269,281,7,4,0
370.0,4,130,177,363,369,6,0,0
329.632,7,1862,19303,324,335,5,6,1
293.664,6,4382,19186,289,298,4,5,1
311.12,6,4327,18638,306,316,4,5,1
349.232,8,651,14622,343,357,5,8,1
370.0,5,104,303,363,373,6,3,0
277.184,5,140,226,269,279,7,2,0
349.232,7,658,17113,343,355,5,6,1
311.12,8,1162,9688,302,318,8,7,1
293.664,8,1097,7740,287,300,6,7,1
329.632,7,750,6674,324,337,5,8,1
277.184,4,299,459,271,279,5,2,0
370.0,5,151,290,363,371,6,1,0
392.0,3,159,206,384,388,7,-3,0
246.944,1,119,119,251,251,-5,5,0
329.632,7,1997,18866,322,337,7,8,1
311.12,8,786,14403,302,316,8,5,1
293.664,7,1019,9890,287,298,6,5,1
349.232,8,663,4921,343,357,5,8,1
370.0,6,127,290,363,373,6,3,0
392.0,3,178,261,382,386,9,-5,0
349.232,9,395,18265,339,355,9,6,1
293.664,6,3102,17901,289,298,4,5,1
311.12,7,1402,15013,304,316,6,5,1
329.632,7,339,8218,324,335,5,6,1
277.184,5,388,602,273,283,3,6,0
246.944,1,138,138,240,240,6,-6,0
329.632,7,1001,17882,324,335,5,6,1
293.664,7,1721,12413,287,298,6,5,1
311.12,7,282,6611,302,318,8,7,1
349.232,8,144,6314,341,357,7,8,1
277.184,5,362,544,271,279,5,2,0
415.312,2,176,217,404,406,11,-9,0
392.0,5,169,202,382,402,9,10,0
246.944,1,94,94,240,240,6,-6,0
311.12,9,685,16833,302,318,8,7,1
349.232,7,552,14309,343,355,5,6,1
329.632,6,1574,8852,326,335,3,6,1
293.664,4,2258,4693,289,294,4,1,1
277.184,3,510,519,273,277,3,0,0
392.0,4,171,326,382,402,9,10,0
370.0,2,186,226,365,367,4,-2,0
233.08,1,215,215,238,238,-5,5,0
415.312,2,139,188,404,406,11,-9,0
220.0,3,138,179,216,220,3,0,0
246.944,1,133,133,240,240,6,-6,0
164.816,1,109,109,164,164,0,0,0
293.664,8,1142,18419,287,300,6,7,1
329.632,9,459,17231,322,337,7,8,1
349.232,9,590,15547,339,355,9,6,1
311.12,3,1856,2873,308,312,2,1,1
370.0,5,112,239,363,371,6,1,0
277.184,3,83,229,271,277,5,0,0
246.944,1,123,123,240,240,6,-6,0
311.12,9,732,15838,302,318,8,7,1
293.664,8,673,13699,287,300,6,7,1
329.632,7,659,10083,324,335,5,6,1
349.232,5,3099,7702,345,353,3,4,1
370.0,3,113,248,365,369,4,0,0
277.184,3,224,229,271,277,5,0,0
392.0,2,166,200,384,386,7,-5,0
349.232,7,1484,21229,343,357,5,8,1
329.632,8,532,16567,324,337,5,8,1
311.12,6,2483,12135,308,318,2,7,1
293.664,8,403,993,287,300,6,7,1
277.184,5,127,281,269,281,7,4,0
293.664,8,1306,14017,287,300,6,7,1
329.632,8,929,12337,322,335,7,6,1
311.12,9,611,11952,302,318,8,7,1
349.232,7,712,2555,343,355,5,6,1
370.0,2,125,158,365,369,4,0,0
277.184,2,138,154,273,275,3,-1,0
349.232,8,1352,19951,341,355,7,6,1
293.664,7,3204,19949,287,300,6,7,1
311.12,8,1525,18659,304,318,6,7,1
329.632,9,415,14437,322,337,7,8,1
277.184,4,284,538,273,281,3,4,0
370.0,7,205,332,361,373,8,3,0
392.0,4,195,282,384,402,7,10,0
246.944,2,116,151,250,251,-3,5,0
329.632,6,3301,15238,324,333,5,4,1
349.232,8,973,12162,339,357,9,8,1
293.664,6,1557,5879,289,298,4,5,1
311.12,5,1366,5135,306,314,4,3,1
277.184,2,130,149,275,279,1,2,0
311.12,9,621,19861,302,318,8,7,1
293.664,7,624,13734,289,300,4,7,1
349.232,9,1009,11425,339,355,9,6,1
329.632,8,1476,11147,322,335,7,6,1
246.944,1,126,126,251,251,-5,5,0
293.664,7,2706,20134,287,300,6,7,1
349.232,8,763,19673,339,355,9,6,1
329.632,8,997,17677,322,337,7,8,1
311.12,8,543,4066,302,318,8,7,1
246.944,2,99,102,240,251,6,5,0
311.12,8,564,16418,304,318,6,7,1
329.632,7,750,8482,324,335,5,6,1
293.664,8,635,7972,287,300,6,7,1
349.232,7,238,1800,343,355,5,6,1
277.184,3,474,744,273,277,3,0,0
392.0,5,180,351,382,402,9,10,0
233.08,2,259,291,236,238,-3,5,0
415.312,2,153,231,404,423,11,8,0
370.0,3,151,185,365,371,4,1,0
440.0,2,147,159,439,441,0,1,0
220.0,2,145,154,218,220,1,0,0
185.0,2,133,146,181,183,3,-1,0
246.944,1,131,131,240,240,6,-6,0
622.24,2,102,123,621,623,1,0,0
349.232,9,510,19939,339,355,9,6,1
329.632,7,699,18289,322,333,7,4,1
311.12,7,1156,12300,304,316,6,5,1
293.664,8,320,8469,287,300,6,7,1
277.184,5,290,510,271,281,5,4,0
392.0,5,152,297,382,402,9,10,0
370.0,4,118,186,363,369,6,0,0
220.0,2,162,163,218,220,1,0,0
415.312,2,120,145,404,406,11,-9,0
246.944,1,87,87,240,240,6,-6,0
293.664,8,927,16212,287,300,6,7,1
311.12,7,432,10601,304,316,6,5,1
349.232,6,1475,7885,345,355,3,6,1
329.632,5,2191,6997,326,333,3,4,1
277.184,3,348,408,271,275,5,-1,0
246.944,1,97,97,240,240,6,-6,0
329.632,9,747,18559,322,337,7,8,1
311.12,8,774,17851,304,318,6,7,1
349.232,8,354,14815,339,355,9,6,1
293.664,8,701,13431,287,300,6,7,1
392.0,2,221,243,384,386,7,-5,0
370.0,2,193,236,365,367,4,-2,0
349.232,8,749,15169,341,355,7,6,1
329.632,5,2628,5918,326,333,3,4,1
311.12,6,524,3523,306,316,4,5,1
293.664,5,816,3196,289,296,4,3,1
277.184,2,264,301,275,277,1,0,0
370.0,3,126,227,365,369,4,0,0
311.12,6,4024,19934,306,316,4,5,1
329.632,7,1529,19385,324,337,5,8,1
293.664,7,2293,17338,287,298,6,5,1
349.232,6,1719,5841,343,353,5,4,1
370.0,2,274,323,365,369,4,0,0
277.184,5,148,229,269,277,7,0,0
349.232,6,4220,19461,343,353,5,4,1
293.664,7,1444,16316,289,300,4,7,1
311.12,7,506,5444,306,318,4,7,1
329.632,7,576,4335,324,335,5,6,1
392.0,1,109,109,384,384,7,-7,0
370.0,2,76,78,367,371,2,1,0
277.184,1,76,76,271,271,5,-5,0
329.632,9,511,19980,322,337,7,8,1
311.12,9,374,17752,302,318,8,7,1
349.232,8,255,5521,339,357,9,8,1
293.664,7,440,1734,287,300,6,7,1
277.184,7,127,437,269,283,7,6,0
370.0,5,218,381,361,371,8,1,0
349.232,10,349,17283,339,357,9,8,1
293.664,7,2223,15038,287,300,6,7,1
311.12,6,3289,13337,304,314,6,3,1
329.632,7,247,1633,324,337,5,8,1
277.184,5,196,409,269,279,7,2,0
370.0,7,167,251,361,373,8,3,0
246.944,2,117,139,240,242,6,-4,0
329.632,7,1272,19099,324,337,5,8,1
293.664,6,4011,18329,289,298,4,5,1
349.232,6,3340,14591,343,357,5,8,1
311.12,8,340,11321,302,316,8,5,1
370.0,3,143,263,367,371,2,1,0
277.184,3,113,228,273,277,3,0,0
311.12,7,1759,17750,302,316,8,5,1
349.232,8,871,8551,341,357,7,8,1
293.664,5,1518,5738,289,296,4,3,1
329.632,7,663,1600,324,337,5,8,1
277.184,7,202,405,271,283,5,6,0
392.0,5,165,305,382,402,9,10,0
233.08,3,207,239,234,238,-1,5,0
349.232,8,563,18257,341,355,7,6,1
329.632,8,696,18025,322,335,7,6,1
293.664,7,432,11066,289,300,4,7,1
311.12,6,709,2911,304,318,6,7,1
277.184,5,389,712,271,281,5,4,0
246.944,1,151,151,240,240,6,-6,0
311.12,9,761,17954,302,318,8,7,1
293.664,8,1044,17199,287,300,6,7,1
329.632,5,1136,2772,326,333,3,4,1
349.232,4,805,1572,345,351,3,2,1
277.184,4,339,541,271,277,5,0,0
329.632,8,587,17744,322,335,7,6,1
349.232,7,657,17216,343,355,5,6,1
293.664,8,562,9778,287,300,6,7,1
311.12,6,997,5812,304,314,6,3,1
277.184,3,164,327,271,275,5,-1,0
392.0,4,137,260,382,402,9,10,0
370.0,3,156,245,365,369,4,0,0
415.312,2,121,136,404,421,11,6,0
246.944,1,115,115,240,240,6,-6,0
311.12,9,684,15014,302,318,8,7,1
349.232,7,708,10557,343,355,5,6,1
293.664,8,560,5652,287,300,6,7,1
329.632,7,471,4165,324,335,5,6,1
370.0,4,122,270,363,369,6,0,0
277.184,4,133,201,271,277,5,0,0
329.632,8,669,18462,322,335,7,6,1
293.664,8,1371,17679,287,300,6,7,1
311.12,7,405,13776,306,318,4,7,1
349.232,6,2557,12276,341,353,7,4,1
277.184,2,242,302,275,277,1,0,0
392.0,1,205,205,384,384,7,-7,0
370.0,4,114,147,363,371,6,1,0
349.232,6,3622,17719,343,353,5,4,1
293.664,7,860,14434,289,300,4,7,1
311.12,8,1165,9302,304,318,6,7,1
329.632,7,1176,6188,322,337,7,8,1
370.0,3,202,252,361,369,8,0,0
277.184,6,115,182,271,283,5,6,0
233.08,1,135,135,238,238,-5,5,0
311.12,8,1203,19178,302,316,8,5,1
329.632,8,1072,18605,324,337,5,8,1
349.232,9,474,2587,339,357,9,8,1
293.664,7,742,1954,287,298,6,5,1
277.184,5,218,275,269,281,7,4,0
370.0,5,169,197,363,371,6,1,0
392.0,4,118,191,382,402,9,10,0
349.232,7,1610,19940,341,355,7,6,1
293.664,6,3889,16764,289,300,4,7,1
329.632,7,1235,8661,322,333,7,4,1
311.12,7,231,1536,304,318,6,7,1
370.0,4,187,351,363,371,6,1,0
277.184,5,137,289,269,279,7,2,0
246.944,1,84,84,251,251,-5,5,0
311.12,6,4443,19522,304,316,6,5,1
293.664,6,3856,17001,289,300,4,7,1
329.632,7,1834,16633,326,337,3,8,1
349.232,8,627,8482,341,355,7,6,1
277.184,5,137,465,273,283,3,6,0
349.232,8,895,15353,339,357,9,8,1
329.632,9,225,10892,322,337,7,8,1
311.12,9,556,7590,302,318,8,7,1
293.664,8,449,2976,287,300,6,7,1
246.944,3,97,135,240,251,6,5,0
349.232,7,580,15219,341,353,7,4,1
311.12,7,573,14970,306,318,4,7,1
329.632,7,939,13952,324,335,5,6,1
293.664,7,550,13384,289,300,4,7,1
277.184,3,451,639,273,277,3,0,0
246.944,1,158,158,240,240,6,-6,0
293.664,8,1379,19102,287,300,6,7,1
311.12,8,971,14911,304,318,6,7,1
329.632,7,333,12600,322,333,7,4,1
349.232,7,513,5910,343,355,5,6,1
277.184,4,368,510,271,277,5,0,0
392.0,4,224,311,382,388,9,-3,0
233.08,2,185,216,236,238,-3,5,0
370.0,3,167,208,363,367,6,-2,0
415.312,2,143,150,421,423,-6,8,0
246.944,1,146,146,240,240,6,-6,0
196.0,2,105,123,199,201,-3,5,0
466.16,1,103,103,458,458,7,-7,0
207.656,1,89,89,203,203,4,-4,0
220.0,1,82,82,216,216,3,-3,0
92.5,1,81,81,91,91,0,0,0
349.232,8,559,17154,343,357,5,8,1
329.632,8,454,12361,324,337,5,8,1
311.12,7,338,7988,302,314,8,3,1
293.664,7,586,6256,289,300,4,7,1
277.184,3,459,472,271,275,5,-1,0
370.0,3,158,284,365,369,4,0,0
311.12,8,845,19813,304,318,6,7,1
329.632,9,637,14613,322,337,7,8,1
293.664,7,981,10101,287,298,6,5,1
349.232,7,424,4944,343,355,5,6,1
370.0,5,123,247,363,371,6,1,0
277.184,3,132,237,271,277,5,0,0
246.944,1,96,96,240,240,6,-6,0
293.664,6,2308,16917,289,300,4,7,1
349.232,9,370,16039,341,357,7,8,1
329.632,9,519,12315,322,337,7,8,1
311.12,7,323,1467,302,318,8,7,1
311.12,8,3273,48036,302,318,8,7,1
329.632,9,1959,39566,322,337,7,8,1
349.232,9,1616,35419,339,357,9,8,1
293.664,7,2380,31038,287,300,6,7,1
277.184,8,266,683,269,283,7,6,0
329.632,7,252,26255,322,333,7,4,1
349.232,9,253,22735,339,357,9,8,1
311.12,6,4639,20440,308,318,2,7,1
293.664,7,894,12093,287,298,6,5,1
370.0,3,221,272,365,369,4,0,0
277.184,3,190,265,273,279,3,2,0
392.0,2,154,217,384,388,7,-3,0
349.232,8,1127,20937,339,355,9,6,1
293.664,7,3040,20404,287,300,6,7,1
329.632,7,1528,18766,326,337,3,8,1
311.12,7,1794,16885,302,314,8,3,1
277.184,6,205,634,271,283,5,6,0
370.0,8,157,391,361,375,8,5,0
311.12,7,1359,16547,302,316,8,5,1
293.664,6,3743,16434,287,298,6,5,1
329.632,7,282,10121,324,335,5,6,1
349.232,7,530,1302,343,355,5,6,1
277.184,5,121,173,271,279,5,2,0
349.232,7,895,18254,341,353,7,4,1
329.632,9,505,17994,322,337,7,8,1
311.12,7,727,8633,302,316,8,5,1
293.664,6,1166,2342,289,298,4,5,1
392.0,6,188,387,382,402,9,10,0
246.944,1,163,163,240,240,6,-6,0
311.12,8,1308,20515,302,318,8,7,1
293.664,7,1889,16921,287,298,6,5,1
349.232,9,331,11844,339,355,9,6,1
329.632,9,575,7692,322,337,7,8,1
277.184,5,144,261,269,283,7,6,0
370.0,3,152,219,367,371,2,1,0
246.944,1,99,99,251,251,-5,5,0
329.632,9,417,16766,322,337,7,8,1
293.664,8,1081,15696,287,300,6,7,1
349.232,8,378,10965,341,355,7,6,1
311.12,7,316,1748,302,316,8,5,1
277.184,3,443,761,273,277,3,0,0
392.0,3,344,401,382,386,9,-5,0
246.944,1,134,134,240,240,6,-6,0
311.12,8,832,19375,304,318,6,7,1
349.232,9,279,18555,339,355,9,6,1
329.632,7,673,5155,324,335,5,6,1
293.664,6,621,4227,287,296,6,3,1
277.184,4,328,489,271,277,5,0,0
329.632,9,578,16690,322,337,7,8,1
293.664,8,655,11042,287,300,6,7,1
311.12,8,322,8354,302,316,8,5,1
349.232,5,906,2380,345,353,3,4,1
277.184,2,342,384,273,275,3,-1,0
370.0,3,174,296,365,369,4,0,0
349.232,9,562,19926,339,355,9,6,1
293.664,8,1144,18799,287,300,6,7,1
311.12,8,856,14262,304,318,6,7,1
329.632,7,166,3288,322,337,7,8,1
370.0,3,146,251,365,369,4,0,0
392.0,3,114,236,382,386,9,-5,0
277.184,3,116,211,273,277,3,0,0
329.632,8,749,17996,324,337,5,8,1
311.12,7,537,15079,304,316,6,5,1
293.664,7,249,8679,287,298,6,5,1
349.232,7,750,6908,343,355,5,6,1
277.184,2,231,282,275,277,1,0,0
370.0,4,122,245,363,369,6,0,0
392.0,2,98,112,386,402,5,10,0
233.08,1,107,107,238,238,-5,5,0
349.232,9,376,15943,339,357,9,8,1
293.664,5,1808,8285,289,296,4,3,1
311.12,7,1425,6645,304,316,6,5,1
329.632,7,563,1043,324,335,5,6,1
370.0,4,185,326,363,373,6,3,0
277.184,4,167,255,269,277,7,0,0
392.0,3,143,223,384,400,7,8,0
329.632,7,1494,19759,324,337,5,8,1
311.12,6,4163,19250,306,316,4,5,1
293.664,6,3975,18557,289,298,4,5,1
349.232,5,5515,15859,345,353,3,4,1
370.0,2,97,110,367,369,2,0,0
622.24,2,90,100,605,623,16,0,0
277.184,1,75,75,271,271,5,-5,0
293.664,6,3433,13649,287,296,6,3,1
349.232,6,1724,6599,341,351,7,2,1
311.12,5,577,2210,302,314,8,3,1
329.632,8,289,1642,322,335,7,6,1
277.184,4,282,484,273,283,3,6,0
370.0,7,198,414,361,373,8,3,0
392.0,4,120,265,382,388,9,-3,0
246.944,2,89,90,240,251,6,5,0
329.632,7,2042,20139,326,337,3,8,1
349.232,9,273,19995,339,355,9,6,1
311.12,7,2267,18730,304,318,6,7,1
293.664,7,284,4238,287,298,6,5,1
277.184,6,150,422,269,281,7,4,0
370.0,6,161,285,363,373,6,3,0
392.0,4,165,251,384,402,7,10,0
246.944,2,107,126,250,251,-3,5,0
293.664,6,3749,17848,289,298,4,5,1
311.12,7,1821,10097,304,316,6,5,1
349.232,8,542,4599,341,357,7,8,1
329.632,9,395,3847,322,337,7,8,1
233.08,3,237,284,234,238,-1,5,0
329.632,7,1291,18621,324,337,5,8,1
349.232,9,582,16723,339,357,9,8,1
293.664,7,1994,15125,289,300,4,7,1
311.12,8,337,13365,302,318,8,7,1
277.184,6,244,429,271,283,5,6,0
392.0,4,252,361,382,388,9,-3,0
311.12,8,823,15441,304,318,6,7,1
349.232,6,2612,13073,345,355,3,6,1
329.632,5,2094,5377,326,333,3,4,1
293.664,7,240,1381,287,298,6,5,1
277.184,3,463,679,273,277,3,0,0
246.944,1,102,102,240,240,6,-6,0
329.632,9,638,16992,322,337,7,8,1
293.664,8,766,13706,287,300,6,7,1
349.232,6,1630,9111,343,355,5,6,1
311.12,6,981,5227,302,314,8,3,1
277.184,4,301,497,271,277,5,0,0
392.0,4,194,296,382,402,9,10,0
370.0,2,241,275,365,367,4,-2,0
349.232,7,734,17975,343,355,5,6,1
311.12,9,784,17922,302,318,8,7,1
293.664,8,973,16818,287,300,6,7,1
329.632,6,1148,6977,324,333,5,4,1
277.184,3,126,294,271,275,5,-1,0
370.0,3,159,254,365,369,4,0,0
329.632,8,501,16551,322,335,7,6,1
293.664,5,2053,5770,289,298,4,5,1
311.12,4,1641,3529,308,314,2,3,1
349.232,7,160,1099,343,355,5,6,1
370.0,3,132,280,365,369,4,0,0
246.944,1,97,97,240,240,6,-6,0
349.232,7,818,18944,341,353,7,4,1
311.12,8,1210,17296,304,318,6,7,1
293.664,7,1774,10879,287,298,6,5,1
329.632,7,1180,9412,324,335,5,6,1
277.184,2,246,294,275,277,1,0,0
392.0,3,84,166,384,402,7,10,0
370.0,2,108,128,367,371,2,1,0
233.08,1,125,125,238,238,-5,5,0
622.24,1,109,109,623,623,0,0,0
698.464,1,92,92,679,679,18,-18,0
293.664,7,2035,18635,289,300,4,7,1
329.632,7,675,16561,324,337,5,8,1
311.12,6,2550,11950,308,318,2,7,1
349.232,8,1058,10262,339,357,9,8,1
370.0,3,203,283,361,369,8,0,0
277.184,6,127,213,269,283,7,6,0
349.232,9,373,13613,339,357,9,8,1
311.12,7,1927,12729,306,318,4,7,1
329.632,7,1388,12329,322,337,7,8,1
293.664,7,1375,10685,287,298,6,5,1
277.184,5,162,390,269,281,7,4,0
370.0,5,177,270,363,371,6,1,0
392.0,5,98,250,382,390,9,-1,0
246.944,1,77,77,240,240,6,-6,0
349.232,7,1546,18326,341,355,7,6,1
311.12,7,2219,17935,304,318,6,7,1
329.632,7,1664,15660,322,335,7,6,1
293.664,6,1659,7171,289,300,4,7,1
370.0,4,213,350,363,371,6,1,0
277.184,5,113,312,269,277,7,0,0
293.664,6,4181,19011,289,298,4,5,1
329.632,7,375,14067,324,337,5,8,1
311.12,8,736,4864,302,316,8,5,1
349.232,9,327,3875,339,355,9,6,1
277.184,7,137,448,269,283,7,6,0
246.944,3,116,126,240,251,6,5,0
349.232,8,792,20451,339,357,9,8,1
311.12,8,1162,19970,304,318,6,7,1
293.664,7,2272,14514,287,300,6,7,1
329.632,6,3058,14114,326,337,3,8,1
392.0,7,146,278,382,402,9,10,0
329.632,8,430,13955,322,335,7,6,1
349.232,6,1640,6910,343,353,5,4,1
311.12,8,250,4220,302,316,8,5,1
293.664,6,764,3304,287,296,6,3,1
277.184,3,417,693,273,277,3,0,0
370.0,3,227,235,363,367,6,-2,0
311.12,8,700,17520,304,318,6,7,1
293.664,8,987,17475,287,300,6,7,1
349.232,8,706,16137,341,355,7,6,1
329.632,8,616,12447,322,335,7,6,1
277.184,4,363,529,271,277,5,0,0
392.0,5,149,317,382,402,9,10,0
370.0,4,149,256,363,371,6,1,0
415.312,2,151,178,404,406,11,-9,0
293.664,8,831,14296,287,300,6,7,1
329.632,8,539,14110,324,337,5,8,1
349.232,8,532,13817,341,355,7,6,1
311.12,7,423,10978,304,316,6,5,1
277.184,2,418,425,273,275,3,-1,0
246.944,1,99,99,240,240,6,-6,0
311.12,9,1368,25930,302,318,8,7,1
329.632,9,811,25826,322,337,7,8,1
349.232,10,616,18082,339,357,9,8,1
293.664,8,641,6998,287,300,6,7,1
880.0,8,222,735,873,900,6,20,0
370.0,6,244,551,361,371,8,1,0
277.184,5,257,499,271,281,5,4,0
392.0,4,211,498,384,402,7,10,0
440.0,7,154,485,433,445,6,5,0
349.232,10,1045,41317,339,357,9,8,1
311.12,8,1436,37654,304,318,6,7,1
329.632,9,1553,35773,322,337,7,8,1
293.664,8,2402,27732,287,300,6,7,1
370.0,5,237,528,363,371,6,1,0
277.184,5,197,460,271,283,5,6,0
293.664,8,3296,25758,287,300,6,7,1
329.632,9,1561,12721,322,337,7,8,1
349.232,10,2020,7076,339,357,9,8,1
311.12,9,1836,6754,302,318,8,7,1
370.0,7,167,844,361,378,8,8,0
277.184,7,366,834,269,283,7,6,0
415.312,12,227,611,404,425,11,10,0
246.944,6,279,405,240,251,6,5,0
311.12,8,1093,19009,304,318,6,7,1
349.232,7,611,17964,341,353,7,4,1
329.632,7,1509,17931,324,335,5,6,1
293.664,6,1809,8001,291,300,2,7,1
392.0,1,136,136,384,384,7,-7,0
370.0,1,99,99,365,365,4,-4,0
277.184,1,89,89,275,275,1,-1,0
349.232,10,413,14376,339,357,9,8,1
293.664,7,1003,12076,287,298,6,5,1
311.12,8,754,6153,304,318,6,7,1
329.632,9,794,5855,322,337,7,8,1
277.184,8,207,711,269,283,7,6,0
370.0,6,188,384,363,373,6,3,0
329.632,8,1064,20248,324,337,5,8,1
293.664,8,1512,20058,287,300,6,7,1
311.12,8,1254,17369,302,318,8,7,1
349.232,7,743,11523,343,355,5,6,1
277.184,3,193,250,271,277,5,0,0
370.0,4,119,161,363,369,6,0,0
392.0,3,124,131,382,388,9,-3,0
349.232,6,3775,18446,341,353,7,4,1
311.12,7,1798,12802,304,316,6,5,1
293.664,6,1800,10380,289,298,4,5,1
329.632,8,647,4080,324,337,5,8,1
392.0,4,213,262,382,402,9,10,0
370.0,3,194,246,365,369,4,0,0
415.312,6,166,243,404,425,11,10,0
277.184,5,134,236,269,277,7,0,0
233.08,2,210,216,236,238,-3,5,0
220.0,4,141,188,216,222,3,2,0
246.944,1,97,97,240,240,6,-6,0
329.632,9,217,20929,322,337,7,8,1
311.12,7,516,11020,304,316,6,5,1
293.664,7,457,6395,287,298,6,5,1
349.232,8,381,690,341,355,7,6,1
277.184,4,194,279,271,277,5,0,0
370.0,3,195,244,367,371,2,1,0
220.0,3,102,128,216,220,3,0,0
659.264,1,120,120,642,642,16,-16,0
415.312,3,88,106,404,423,11,8,0
196.0,2,99,105,199,201,-3,5,0
392.0,3,94,101,382,402,9,10,0
349.232,8,498,16812,343,357,5,8,1
293.664,8,846,16523,287,300,6,7,1
311.12,9,711,16201,302,318,8,7,1
329.632,5,329,1812,324,332,5,2,1
277.184,3,406,739,273,277,3,0,0
329.632,8,877,20309,322,335,7,6,1
293.664,8,1053,14910,287,300,6,7,1
349.232,5,3652,10377,345,353,3,4,1
311.12,4,954,1892,308,314,2,3,1
277.184,4,307,455,271,277,5,0,0
246.944,1,110,110,240,240,6,-6,0
311.12,9,697,16686,302,318,8,7,1
349.232,7,439,11945,343,355,5,6,1
293.664,3,915,967,292,296,0,3,1
329.632,3,333,490,326,332,3,2,1
277.184,3,252,364,271,275,5,-1,0
392.0,3,191,282,382,386,9,-5,0
370.0,3,164,257,365,369,4,0,0
233.08,2,125,175,236,238,-3,5,0
329.632,8,811,20049,322,335,7,6,1
349.232,7,954,17677,343,355,5,6,1
293.664,8,1230,15860,287,300,6,7,1
311.12,7,187,7552,302,318,8,7,1
370.0,3,144,267,365,369,4,0,0
277.184,2,163,219,275,277,1,0,0
293.664,8,915,16334,287,300,6,7,1
311.12,8,1038,14419,304,318,6,7,1
349.232,6,994,4168,339,353,9,4,1
329.632,7,467,2674,326,337,3,8,1
277.184,2,240,302,275,277,1,0,0
370.0,3,140,191,363,367,6,-2,0
246.944,1,95,95,240,240,6,-6,0
349.232,8,961,20339,339,357,9,8,1
329.632,6,4645,20010,324,337,5,8,1
311.12,8,824,15202,302,318,8,7,1
293.664,6,1469,4536,289,298,4,5,1
370.0,5,113,325,361,373,8,3,0
277.184,6,111,294,269,283,7,6,0
293.664,6,2768,12674,287,296,6,3,1
311.12,6,1983,8790,306,316,4,5,1
349.232,9,517,6331,341,357,7,8,1
329.632,7,719,4467,324,335,5,6,1
277.184,4,133,140,269,279,7,2,0
370.0,3,130,133,363,369,6,0,0
293.664,7,3013,19602,287,300,6,7,1
311.12,8,1433,19178,304,318,6,7,1
329.632,6,4538,18943,322,335,7,6,1
349.232,7,1793,16183,341,355,7,6,1
277.184,4,352,542,271,277,5,0,0
370.0,6,174,411,363,373,6,3,0
392.0,3,218,284,382,386,9,-5,0
246.944,2,106,114,240,251,6,5,0
349.232,7,617,15572,343,355,5,6,1
293.664,7,1669,8319,289,300,4,7,1
329.632,8,456,7343,324,337,5,8,1
311.12,7,363,711,304,316,6,5,1
277.184,4,284,402,271,279,5,2,0
370.0,5,162,299,363,373,6,3,0
392.0,3,165,236,384,388,7,-3,0
220.0,2,154,164,216,218,3,-1,0
415.312,4,123,161,404,423,11,8,0
311.12,9,647,18529,302,318,8,7,1
329.632,7,1171,17130,324,337,5,8,1
293.664,6,2234,9722,287,298,6,5,1
349.232,10,523,6878,339,357,9,8,1
246.944,1,76,76,240,240,6,-6,0
349.232,9,370,18669,339,355,9,6,1
293.664,7,1563,18024,289,300,4,7,1
329.632,7,201,9065,324,335,5,6,1
311.12,7,1188,7688,304,316,6,5,1
277.184,6,246,480,269,283,7,6,0
246.944,1,117,117,240,240,6,-6,0
329.632,9,600,15626,322,337,7,8,1
311.12,9,429,13980,302,318,8,7,1
293.664,8,901,11251,287,300,6,7,1
349.232,4,1578,3204,347,353,1,4,1
277.184,3,442,675,273,277,3,0,0
370.0,4,169,302,363,371,6,1,0
392.0,4,174,248,384,402,7,10,0
415.312,2,171,244,404,406,11,-9,0
349.232,8,467,16370,343,357,5,8,1
311.12,8,579,14055,302,316,8,5,1
329.632,7,484,9919,324,335,5,6,1
293.664,6,622,4154,287,296,6,3,1
277.184,2,451,453,273,275,3,-1,0
392.0,4,178,310,382,402,9,10,0
370.0,2,253,293,365,367,4,-2,0
233.08,1,171,171,238,238,-5,5,0
415.312,3,80,152,404,419,11,4,0
220.0,2,130,148,218,220,1,0,0
246.944,1,108,108,240,240,6,-6,0
293.664,8,1080,16399,287,300,6,7,1
329.632,9,311,15116,322,337,7,8,1
349.232,9,530,12083,341,357,7,8,1
311.12,8,548,7159,302,316,8,5,1
277.184,4,85,269,271,277,5,0,0
370.0,3,169,251,365,369,4,0,0
246.944,1,83,83,240,240,6,-6,0
311.12,9,729,17871,302,318,8,7,1
293.664,8,730,14898,287,300,6,7,1
329.632,7,914,11396,324,335,5,6,1
349.232,6,2271,10559,343,353,5,4,1
370.0,3,118,260,365,369,4,0,0
277.184,3,136,210,271,277,5,0,0
392.0,2,145,168,384,386,7,-5,0
246.944,1,80,80,240,240,6,-6,0
349.232,7,1420,18800,343,357,5,8,1
329.632,8,377,14757,324,337,5,8,1
311.12,7,402,1384,304,316,6,5,1
293.664,7,482,1370,287,298,6,5,1
277.184,5,101,288,269,279,7,2,0
370.0,2,124,158,367,371,2,1,0
392.0,3,94,138,384,402,7,10,0
311.12,7,2013,18379,302,316,8,5,1
293.664,6,2976,14692,289,298,4,5,1
329.632,6,2996,13622,322,333,7,4,1
349.232,7,593,1489,339,353,9,4,1
370.0,4,177,255,361,373,8,3,0
277.184,5,149,242,269,283,7,6,0
349.232,8,1215,19648,341,355,7,6,1
293.664,7,2825,18682,287,300,6,7,1
329.632,6,3182,13040,326,335,3,6,1
311.12,6,2406,9753,304,314,6,3,1
277.184,4,242,454,273,281,3,4,0
370.0,7,188,315,361,373,8,3,0
392.0,3,185,254,384,402,7,10,0
329.632,7,1579,15718,322,335,7,6,1
311.12,7,1829,14596,304,318,6,7,1
349.232,8,460,10094,339,355,9,6,1
293.664,6,1432,5761,287,296,6,3,1
370.0,7,178,367,361,373,8,3,0
277.184,3,200,360,273,277,3,0,0
311.12,7,2048,15573,302,316,8,5,1
349.232,9,904,13219,339,355,9,6,1
293.664,6,2743,12722,289,298,4,5,1
329.632,7,1464,10119,324,335,5,6,1
246.944,1,98,98,251,251,-5,5,0
293.664,6,4094,19736,289,298,4,5,1
349.232,7,644,18053,343,357,5,8,1
329.632,7,646,17038,324,337,5,8,1
311.12,6,1659,7081,306,316,4,5,1
370.0,5,89,240,361,371,8,1,0
277.184,2,127,157,273,281,3,4,0
311.12,8,751,17353,304,318,6,7,1
293.664,8,709,7931,287,300,6,7,1
329.632,8,453,7709,324,337,5,8,1
349.232,9,131,3687,339,355,9,6,1
277.184,4,357,676,273,283,3,6,0
392.0,5,194,287,382,402,9,10,0
370.0,2,271,286,365,367,4,-2,0
233.08,2,234,282,236,238,-3,5,0
415.312,1,213,213,404,404,11,-11,0
246.944,1,130,130,240,240,6,-6,0
440.0,2,117,128,439,441,0,1,0
220.0,2,102,126,218,220,1,0,0
349.232,8,748,20496,341,355,7,6,1
329.632,9,501,18095,322,337,7,8,1
293.664,7,399,8100,289,300,4,7,1
311.12,7,360,2255,304,316,6,5,1
277.184,3,369,504,273,277,3,0,0
370.0,4,132,269,363,371,6,1,0
246.944,1,90,90,240,240,6,-6,0
293.664,8,952,15953,287,300,6,7,1
311.12,8,721,15925,304,318,6,7,1
329.632,5,2232,6421,326,333,3,4,1
349.232,7,450,5431,343,355,5,6,1
277.184,3,357,407,271,275,5,-1,0
370.0,4,142,321,363,369,6,0,0
246.944,1,143,143,240,240,6,-6,0
329.632,8,1009,19780,322,335,7,6,1
349.232,7,479,17744,341,353,7,4,1
293.664,7,970,14779,289,300,4,7,1
311.12,7,297,11614,306,318,4,7,1
392.0,4,80,242,382,402,9,10,0
277.184,4,126,205,271,277,5,0,0
370.0,4,132,171,363,371,6,1,0
349.232,8,770,13752,341,355,7,6,1
311.12,8,916,11903,304,318,6,7,1
329.632,4,2487,5309,326,332,3,2,1
293.664,5,968,3137,289,296,4,3,1
370.0,3,133,234,365,369,4,0,0
277.184,3,170,196,271,277,5,0,0
329.632,6,5217,21389,322,337,7,8,1
293.664,6,4388,19202,289,300,4,7,1
311.12,7,1969,18780,304,316,6,5,1
349.232,8,605,9157,341,355,7,6,1
277.184,4,275,333,271,277,5,0,0
370.0,4,144,235,363,369,6,0,0
392.0,2,187,215,384,388,7,-3,0
349.232,6,4208,19728,343,353,5,4,1
293.664,7,1476,17047,289,300,4,7,1
311.12,6,972,5506,304,314,6,3,1
329.632,6,837,3730,326,335,3,6,1
392.0,1,114,114,384,384,7,-7,0
370.0,2,91,101,365,369,4,0,0
311.12,7,2615,20880,304,318,6,7,1
329.632,8,966,20857,324,337,5,8,1
349.232,10,588,3006,339,357,9,8,1
293.664,8,787,2756,287,300,6,7,1
277.184,8,281,732,269,283,7,6,0
370.0,5,165,387,363,371,6,1,0
349.232,8,995,19575,341,355,7,6,1
293.664,7,2272,15090,287,300,6,7,1
311.12,7,134,3880,306,318,4,7,1
329.632,9,184,1135,322,337,7,8,1
277.184,4,188,284,269,277,7,0,0
246.944,1,102,102,240,240,6,-6,0
329.632,8,905,18487,322,335,7,6,1
293.664,8,1419,17646,287,300,6,7,1
311.12,7,749,17449,306,318,4,7,1
349.232,6,2835,12142,341,353,7,4,1
370.0,4,151,250,363,369,6,0,0
277.184,5,150,171,269,279,7,2,0
233.08,3,142,152,234,238,-1,5,0
311.12,5,3491,12236,306,314,4,3,1
349.232,6,2425,12007,343,353,5,4,1
293.664,6,1230,6737,287,296,6,3,1
329.632,7,553,1640,324,335,5,6,1
277.184,5,189,274,271,279,5,2,0
370.0,3,191,216,365,369,4,0,0
392.0,5,128,195,382,402,9,10,0
233.08,3,149,177,234,238,-1,5,0
329.632,8,615,16963,322,335,7,6,1
349.232,7,647,16529,345,357,3,8,1
311.12,9,237,11213,302,318,8,7,1
293.664,7,426,10106,287,298,6,5,1
277.184,3,380,727,273,277,3,0,0
246.944,1,110,110,240,240,6,-6,0
293.664,8,1196,18924,287,300,6,7,1
311.12,9,800,17745,302,318,8,7,1
329.632,4,1757,3618,328,333,1,4,1
349.232,6,270,1368,343,353,5,4,1
277.184,4,259,403,271,277,5,0,0
370.0,2,253,270,365,367,4,-2,0
349.232,7,659,17197,343,355,5,6,1
329.632,8,568,16889,322,335,7,6,1
293.664,8,455,9707,287,300,6,7,1
311.12,6,572,3671,306,316,4,5,1
277.184,2,258,325,273,275,3,-1,0
370.0,3,216,294,365,369,4,0,0
392.0,4,122,228,382,402,9,10,0
415.312,2,112,133,404,421,11,6,0
622.24,3,80,115,605,625,16,2,0
246.944,1,95,95,240,240,6,-6,0
311.12,8,1081,19851,304,318,6,7,1
349.232,7,1020,9150,343,355,5,6,1
293.664,7,616,5796,287,298,6,5,1
329.632,7,817,5506,322,335,7,6,1
370.0,3,143,303,365,369,4,0,0
277.184,2,141,193,277,279,0,2,0
329.632,8,603,17776,322,335,7,6,1
293.664,8,1355,16950,287,300,6,7,1
349.232,7,255,14015,341,353,7,4,1
311.12,4,2340,4909,308,314,2,3,1
277.184,2,204,260,275,277,1,0,0
370.0,4,108,143,363,371,6,1,0
392.0,1,131,131,384,384,7,-7,0
311.12,7,2434,17911,302,314,8,3,1
349.232,10,235,17577,339,357,9,8,1
293.664,6,3598,15628,289,298,4,5,1
329.632,9,489,7870,322,337,7,8,1
277.184,6,159,350,269,283,7,6,0
370.0,4,241,343,363,373,6,3,0
329.632,8,822,18103,324,337,5,8,1
311.12,8,650,13080,304,318,6,7,1
349.232,10,290,5478,339,357,9,8,1
293.664,7,606,1781,287,298,6,5,1
370.0,4,170,205,363,369,6,0,0
277.184,5,173,184,269,281,7,4,0
246.944,2,80,85,240,250,6,3,0
349.232,7,1450,19933,343,355,5,6,1
293.664,7,2176,17199,287,298,6,5,1
311.12,7,810,11867,304,316,6,5,1
329.632,8,425,9962,322,335,7,6,1
277.184,7,143,587,269,281,7,4,0
370.0,6,163,443,363,373,6,3,0
392.0,6,155,314,382,402,9,10,0
311.12,6,4123,18146,306,318,4,7,1
293.664,7,2544,17180,289,300,4,7,1
329.632,8,1170,16560,322,337,7,8,1
349.232,8,557,5767,341,355,7,6,1
277.184,4,259,418,273,279,3,2,0
370.0,3,232,294,367,371,2,1,0
349.232,9,685,15695,339,357,9,8,1
329.632,8,246,11195,322,335,7,6,1
293.664,6,980,3650,287,296,6,3,1
311.12,9,234,3484,302,318,8,7,1
392.0,5,216,396,382,402,9,10,0
246.944,1,134,134,240,240,6,-6,0
311.12,8,828,18558,304,318,6,7,1
329.632,7,984,14161,324,335,5,6,1
349.232,6,2839,14037,341,353,7,4,1
293.664,7,606,13028,289,300,4,7,1
277.184,3,367,517,273,277,3,0,0
370.0,3,225,275,365,369,4,0,0
246.944,1,157,157,240,240,6,-6,0
293.664,8,1057,17190,287,300,6,7,1
329.632,7,463,12082,324,335,5,6,1
349.232,7,346,7732,343,355,5,6,1
311.12,6,806,5258,306,316,4,5,1
277.184,3,392,616,273,277,3,0,0
370.0,3,251,311,365,371,4,1,0
392.0,4,183,297,382,402,9,10,0
233.08,2,160,227,236,238,-3,5,0
415.312,3,121,169,419,423,-4,8,0
246.944,1,147,147,240,240,6,-6,0
196.0,1,126,126,201,201,-5,5,0
349.232,9,522,17745,339,357,9,8,1
311.12,8,717,15293,302,316,8,5,1
329.632,7,449,12625,324,335,5,6,1
293.664,7,466,7223,289,300,4,7,1
277.184,3,409,417,271,275,5,-1,0
370.0,2,283,319,365,367,4,-2,0
392.0,4,137,254,382,402,9,10,0
329.632,8,717,13788,322,335,7,6,1
311.12,8,385,13087,304,318,6,7,1
293.664,7,1123,8626,287,298,6,5,1
349.232,6,318,1941,343,353,5,4,1
277.184,3,98,246,271,277,5,0,0
370.0,3,169,239,365,369,4,0,0
349.232,8,532,17622,341,355,7,6,1
293.664,8,1217,17581,287,300,6,7,1
329.632,6,2406,11827,322,333,7,4,1
311.12,9,612,9462,302,318,8,7,1
370.0,3,127,289,365,369,4,0,0
392.0,2,139,199,384,386,7,-5,0
277.184,3,93,179,271,277,5,0,0
311.12,7,1470,18807,302,316,8,5,1
329.632,7,1650,16407,324,335,5,6,1
293.664,8,673,12811,287,300,6,7,1
349.232,8,1138,11852,339,355,9,6,1
277.184,7,136,264,269,281,7,4,0
349.232,7,455,12166,343,355,5,6,1
329.632,7,340,10626,324,335,5,6,1
293.664,6,1036,4769,289,298,4,5,1
311.12,6,750,2214,306,316,4,5,1
370.0,3,251,272,365,373,4,3,0
277.184,5,141,259,269,279,7,2,0
392.0,2,146,162,384,388,7,-3,0
311.12,8,1474,19929,304,318,6,7,1
349.232,8,903,18756,339,355,9,6,1
293.664,7,2663,18741,287,300,6,7,1
329.632,8,1107,18134,322,337,7,8,1
277.184,5,238,564,271,283,5,6,0
370.0,7,179,341,361,373,8,3,0
293.664,7,2522,16417,287,300,6,7,1
329.632,8,818,8740,322,337,7,8,1
311.12,8,784,7347,304,318,6,7,1
349.232,9,284,1793,339,355,9,6,1
277.184,5,226,415,273,283,3,6,0
370.0,8,154,352,361,375,8,5,0
246.944,2,90,91,240,242,6,-4,0
349.232,6,3542,18366,343,353,5,4,1
329.632,9,653,17918,322,337,7,8,1
311.12,7,511,15915,306,318,4,7,1
293.664,6,1055,1896,289,298,4,5,1
392.0,5,167,375,382,402,9,10,0
277.184,6,172,336,269,281,7,4,0
246.944,1,188,188,240,240,6,-6,0
293.664,6,3288,16405,289,298,4,5,1
311.12,8,1220,14663,302,316,8,5,1
349.232,6,2108,9362,341,353,7,4,1
329.632,5,1643,6521,326,333,3,4,1
370.0,4,156,215,363,369,6,0,0
233.08,3,135,165,234,238,-1,5,0
415.312,6,121,163,404,425,11,10,0
277.184,3,100,143,273,281,3,4,0
220.0,4,111,136,216,222,3,2,0
329.632,9,483,16884,322,337,7,8,1
293.664,8,980,15405,287,300,6,7,1
349.232,10,183,12723,339,357,9,8,1
311.12,5,2904,8684,306,318,4,7,1
277.184,3,351,683,273,277,3,0,0
392.0,3,317,358,382,386,9,-5,0
246.944,1,120,120,240,240,6,-6,0
311.12,8,886,19276,304,318,6,7,1
349.232,7,678,17500,343,355,5,6,1
293.664,7,481,4926,287,298,6,5,1
329.632,7,178,4574,322,333,7,4,1
277.184,3,338,478,273,277,3,0,0
370.0,3,158,269,365,371,4,1,0
329.632,9,618,16981,322,337,7,8,1
293.664,7,988,10432,287,298,6,5,1
349.232,5,2006,4954,345,353,3,4,1
311.12,4,380,831,308,314,2,3,1
277.184,3,302,376,271,275,5,-1,0
370.0,2,256,297,365,367,4,-2,0
349.232,8,897,21464,339,353,9,4,1
293.664,8,1448,20391,287,300,6,7,1
311.12,8,1197,20387,304,318,6,7,1
329.632,8,418,2457,322,335,7,6,1
277.184,5,118,227,271,281,5,4,0
392.0,3,122,177,384,402,7,10,0
370.0,4,117,144,361,371,8,1,0
329.632,8,757,18387,322,335,7,6,1
293.664,6,1747,9380,287,298,6,5,1
311.12,6,1767,8142,306,316,4,5,1
349.232,7,430,4432,343,357,5,8,1
370.0,3,121,209,365,369,4,0,0
277.184,3,177,198,271,277,5,0,0
349.232,8,1221,18663,341,355,7,6,1
311.12,8,1284,17003,302,318,8,7,1
293.664,8,1020,9218,287,300,6,7,1
329.632,6,328,620,324,337,5,8,1
277.184,5,283,355,271,279,5,2,0
370.0,6,160,286,361,371,8,1,0
392.0,3,111,261,384,388,7,-3,0
329.632,6,4318,20134,324,333,5,4,1
293.664,6,3912,18822,289,298,4,5,1
311.12,6,3386,15921,306,316,4,5,1
349.232,6,3044,14437,343,353,5,4,1
622.24,1,94,94,623,623,0,0,0
392.0,1,92,92,384,384,7,-7,0
698.464,1,88,88,679,679,18,-18,0
277.184,1,84,84,283,283,-6,6,0
370.0,1,84,84,367,367,2,-2,0
659.264,1,76,76,677,677,-18,18,0
293.664,8,1729,13584,287,300,6,7,1
311.12,8,531,9250,304,318,6,7,1
349.232,9,883,8990,339,357,9,8,1
329.632,8,715,3550,324,337,5,8,1
277.184,8,263,772,269,283,7,6,0
370.0,3,215,385,367,371,2,1,0
392.0,4,187,302,382,402,9,10,0
246.944,2,112,113,240,251,6,5,0
329.632,8,1229,21042,322,337,7,8,1
349.232,10,322,20735,339,357,9,8,1
311.12,6,4811,20502,304,318,6,7,1
293.664,5,1059,3442,291,298,2,5,1
277.184,6,137,318,269,281,7,4,0
370.0,5,168,263,361,371,8,1,0
392.0,3,177,217,384,402,7,10,0
246.944,1,90,90,251,251,-5,5,0
293.664,8,833,17012,287,300,6,7,1
329.632,7,530,5072,326,337,3,8,1
311.12,7,199,1957,304,316,6,5,1
349.232,7,332,1924,343,355,5,6,1
246.944,1,162,162,240,240,6,-6,0
329.632,6,3902,19937,324,333,5,4,1
311.12,8,898,19798,302,316,8,5,1
349.232,7,822,19384,339,353,9,4,1
293.664,7,1996,16791,289,300,4,7,1
392.0,4,222,301,382,388,9,-3,0
277.184,5,245,299,273,283,3,6,0
246.944,1,88,88,251,251,-5,5,0
349.232,6,1988,10385,345,355,3,6,1
311.12,8,398,7933,302,316,8,5,1
329.632,6,1100,6017,326,335,3,6,1
293.664,5,355,1406,291,298,2,5,1
277.184,3,355,660,273,277,3,0,0
370.0,2,297,311,365,367,4,-2,0
329.632,7,756,18508,324,335,5,6,1
311.12,8,715,14595,302,316,8,5,1
293.664,8,962,14525,287,300,6,7,1
349.232,8,290,12499,341,355,7,6,1
277.184,3,343,359,273,277,3,0,0
370.0,3,222,280,363,367,6,-2,0
392.0,3,207,220,384,402,7,10,0
349.232,7,690,16352,343,355,5,6,1
293.664,8,921,16120,287,300,6,7,1
311.12,9,452,14305,302,318,8,7,1
329.632,7,614,7514,324,335,5,6,1
277.184,2,217,288,273,275,3,-1,0
370.0,3,191,266,365,369,4,0,0
329.632,8,555,17673,322,337,7,8,1
293.664,7,271,6981,287,300,6,7,1
311.12,8,900,6827,304,318,6,7,1
349.232,9,379,2673,341,357,7,8,1
370.0,3,132,298,365,369,4,0,0
277.184,2,155,184,277,279,0,2,0
233.08,1,121,121,238,238,-5,5,0
349.232,6,3916,19018,343,353,5,4,1
311.12,8,929,18565,304,318,6,7,1
293.664,8,1207,9964,287,300,6,7,1
329.632,7,1295,9955,324,335,5,6,1
277.184,4,132,244,271,277,5,0,0
370.0,3,94,163,365,371,4,1,0
392.0,2,134,160,384,388,7,-3,0
622.24,1,101,101,623,623,0,0,0
233.08,1,95,95,238,238,-5,5,0
293.664,5,6577,19979,291,298,2,5,1
329.632,7,1596,16411,324,335,5,6,1
349.232,10,304,8544,339,357,9,8,1
311.12,8,446,2152,304,318,6,7,1
277.184,6,175,385,271,283,5,6,0
370.0,5,160,377,363,371,6,1,0
311.12,7,2499,18658,304,318,6,7,1
349.232,8,893,15478,339,355,9,6,1
329.632,7,1618,12872,326,337,3,8,1
293.664,7,1297,11070,287,298,6,5,1
277.184,5,200,259,269,281,7,4,0
370.0,5,190,215,361,369,8,0,0
392.0,3,137,215,382,388,9,-3,0
349.232,10,377,16715,339,357,9,8,1
329.632,7,1820,14130,326,337,3,8,1
311.12,9,586,10215,302,318,8,7,1
293.664,8,453,7450,287,300,6,7,1
277.184,7,195,630,269,281,7,4,0
370.0,3,238,395,367,371,2,1,0
293.664,6,4014,18605,289,298,4,5,1
329.632,8,530,14724,324,337,5,8,1
311.12,7,659,13887,304,316,6,5,1
349.232,9,734,5864,339,355,9,6,1
277.184,5,139,393,273,283,3,6,0
246.944,2,99,109,240,251,6,5,0
349.232,7,829,18790,341,353,7,4,1
311.12,8,1074,15626,304,318,6,7,1
293.664,7,1820,13298,287,298,6,5,1
329.632,7,915,11855,324,335,5,6,1
392.0,5,193,333,382,402,9,10,0
370.0,4,206,315,363,369,6,0,0
233.08,2,247,283,236,238,-3,5,0
415.312,4,156,262,404,423,11,8,0
246.944,1,172,172,240,240,6,-6,0
329.632,8,515,14997,322,335,7,6,1
311.12,6,1237,5779,306,318,4,7,1
349.232,4,2231,4586,347,353,1,4,1
293.664,5,949,2475,287,296,6,3,1
277.184,3,356,548,273,277,3,0,0
370.0,3,273,300,365,369,4,0,0
415.312,5,119,173,404,423,11,8,0
196.0,2,137,159,199,201,-3,5,0
311.12,8,752,17740,304,318,6,7,1
349.232,9,430,15899,339,355,9,6,1
293.664,7,1086,15439,287,298,6,5,1
329.632,8,347,10328,322,335,7,6,1
277.184,3,383,591,273,277,3,0,0
370.0,2,303,347,365,367,4,-2,0
392.0,3,242,318,382,386,9,-5,0
246.944,1,99,99,240,240,6,-6,0
329.632,8,641,15391,324,337,5,8,1
293.664,8,863,15319,287,300,6,7,1
349.232,8,581,12815,341,355,7,6,1
311.12,5,1051,3041,306,314,4,3,1
277.184,2,367,371,273,275,3,-1,0
370.0,2,271,311,365,367,4,-2,0
311.12,9,775,16891,302,318,8,7,1
349.232,5,3821,9498,343,353,5,4,1
329.632,7,244,9260,322,333,7,4,1
293.664,5,1453,3225,291,298,2,5,1
370.0,2,214,219,365,367,4,-2,0
277.184,2,153,205,273,277,3,0,0
349.232,8,923,18516,341,355,7,6,1
329.632,8,982,16942,322,335,7,6,1
293.664,8,1278,12401,287,300,6,7,1
311.12,6,2218,11440,306,318,4,7,1
370.0,3,115,277,365,369,4,0,0
277.184,2,161,203,275,277,1,0,0
293.664,8,1371,19270,287,300,6,7,1
311.12,6,2856,12552,302,314,8,3,1
329.632,7,683,7570,324,337,5,8,1
349.232,8,527,878,339,355,9,6,1
277.184,8,139,271,269,283,7,6,0
349.232,8,817,19152,339,355,9,6,1
329.632,7,2072,18653,326,337,3,8,1
311.12,7,1744,17604,302,316,8,5,1
293.664,7,417,8425,287,298,6,5,1
370.0,4,168,295,363,373,6,3,0
277.184,5,161,285,269,279,7,2,0
392.0,3,90,197,384,388,7,-3,0
349.232,9,466,11356,339,357,9,8,1
293.664,8,773,10780,287,300,6,7,1
311.12,7,440,4926,304,316,6,5,1
329.632,8,719,4599,324,337,5,8,1
277.184,8,213,646,269,283,7,6,0
370.0,6,182,360,363,373,6,3,0
246.944,5,79,167,240,251,6,5,0
311.12,6,4696,20024,304,318,6,7,1
293.664,7,2879,19973,287,300,6,7,1
329.632,5,7304,19702,326,335,3,6,1
349.232,7,1328,13081,341,353,7,4,1
277.184,6,210,436,273,283,3,6,0
370.0,7,120,364,361,373,8,3,0
392.0,3,146,235,382,386,9,-5,0
246.944,2,111,136,240,251,6,5,0
349.232,7,587,17011,341,353,7,4,1
293.664,7,1539,10372,287,298,6,5,1
311.12,8,378,4501,304,318,6,7,1
329.632,6,838,2953,326,335,3,6,1
370.0,4,189,326,363,369,6,0,0
277.184,5,141,282,271,279,5,2,0
415.312,5,152,269,404,423,11,8,0
392.0,4,221,258,382,402,9,10,0
220.0,3,157,200,216,220,3,0,0
233.08,2,147,174,236,238,-3,5,0
196.0,2,157,170,199,201,-3,5,0
185.0,2,114,125,181,183,3,-1,0
440.0,2,109,109,439,441,0,1,0
246.944,1,106,106,240,240,6,-6,0
659.264,1,92,92,642,642,16,-16,0
329.632,7,815,19886,324,335,5,6,1
311.12,7,821,17662,306,318,4,7,1
293.664,7,324,5901,289,300,4,7,1
349.232,6,489,2664,345,355,3,6,1
370.0,4,194,269,363,369,6,0,0
392.0,5,146,222,382,402,9,10,0
246.944,1,113,113,240,240,6,-6,0
349.232,8,498,17097,343,357,5,8,1
293.664,8,886,15828,287,300,6,7,1
311.12,9,457,10752,302,318,8,7,1
329.632,5,211,812,326,333,3,4,1
277.184,3,311,638,273,277,3,0,0
329.632,8,707,20351,322,335,7,6,1
293.664,8,968,15810,287,300,6,7,1
311.12,7,624,11690,304,316,6,5,1
349.232,7,365,8187,343,355,5,6,1
277.184,3,313,455,273,277,3,0,0
370.0,3,215,294,365,371,4,1,0
311.12,9,624,15736,302,318,8,7,1
349.232,7,504,13679,343,355,5,6,1
329.632,6,326,1434,324,333,5,4,1
293.664,5,413,852,291,298,2,5,1
277.184,2,289,329,273,275,3,-1,0
370.0,4,143,296,363,369,6,0,0
392.0,3,183,248,382,386,9,-5,0
233.08,1,179,179,238,238,-5,5,0
329.632,8,977,21333,324,337,5,8,1
349.232,9,877,17535,339,357,9,8,1
293.664,8,1620,17054,287,300,6,7,1
311.12,8,350,3220,304,318,6,7,1
277.184,5,184,194,271,281,5,4,0
370.0,3,127,146,361,371,8,1,0
311.12,8,969,18261,304,318,6,7,1
293.664,8,909,16849,287,300,6,7,1
349.232,5,3116,6784,345,353,3,4,1
329.632,8,284,3587,322,337,7,8,1
277.184,3,131,195,271,277,5,0,0
370.0,3,109,182,365,369,4,0,0
349.232,10,433,21638,339,357,9,8,1
329.632,9,617,20955,322,337,7,8,1
311.12,8,632,6195,302,316,8,5,1
293.664,8,651,4694,287,300,6,7,1
277.184,7,194,401,269,283,7,6,0
370.0,6,184,353,361,371,8,1,0
392.0,3,207,275,384,402,7,10,0
246.944,2,108,120,240,242,6,-4,0
311.12,6,3657,16944,306,316,4,5,1
293.664,6,2610,12367,289,298,4,5,1
329.632,5,1294,5406,326,333,3,4,1
349.232,6,716,3775,343,353,5,4,1
293.664,6,4276,19741,289,298,4,5,1
329.632,8,1287,18378,324,337,5,8,1
349.232,10,594,17422,339,357,9,8,1
311.12,6,2775,13344,304,314,6,3,1
277.184,7,290,823,269,281,7,4,0
370.0,5,123,385,361,371,8,1,0
392.0,4,256,384,382,388,9,-3,0
233.08,4,211,304,232,238,0,5,0
415.312,5,91,180,406,425,9,10,0
349.232,7,819,14437,343,355,5,6,1
311.12,7,1217,11126,304,318,6,7,1
293.664,7,1480,9642,287,300,6,7,1
329.632,7,796,8384,322,335,7,6,1
277.184,3,317,336,275,279,1,2,0
370.0,5,152,261,363,373,6,3,0
392.0,3,138,212,384,388,7,-3,0
246.944,2,93,104,240,251,6,5,0
311.12,8,927,16716,304,318,6,7,1
329.632,9,761,15682,322,337,7,8,1
293.664,7,397,9114,289,300,4,7,1
349.232,8,382,8708,341,355,7,6,1
246.944,1,115,115,240,240,6,-6,0
349.232,8,540,19841,339,353,9,4,1
293.664,7,1728,19358,289,300,4,7,1
329.632,7,355,10456,322,335,7,6,1
311.12,8,349,2256,302,318,8,7,1
277.184,6,185,342,269,283,7,6,0
246.944,1,101,101,240,240,6,-6,0
311.12,9,690,16702,302,318,8,7,1
329.632,9,483,14247,322,337,7,8,1
293.664,8,702,10917,287,300,6,7,1
277.184,3,328,606,273,277,3,0,0
349.232,4,311,524,345,351,3,2,1
370.0,2,311,327,365,367,4,-2,0
392.0,3,162,224,384,402,7,10,0
415.312,3,96,201,404,421,11,6,0
233.08,2,166,181,236,238,-3,5,0
220.0,2,144,167,218,220,1,0,0
349.232,8,587,19181,341,355,7,6,1
329.632,7,594,11672,324,335,5,6,1
311.12,6,1237,7151,306,316,4,5,1
293.664,7,526,3686,287,298,6,5,1
277.184,2,320,329,273,275,3,-1,0
370.0,2,253,295,365,367,4,-2,0
392.0,2,231,242,384,386,7,-5,0
220.0,2,115,133,218,220,1,0,0
233.08,1,118,118,238,238,-5,5,0
246.944,1,97,97,240,240,6,-6,0
293.664,8,1091,15349,287,300,6,7,1
311.12,9,657,14141,302,318,8,7,1
329.632,8,325,13958,322,335,7,6,1
349.232,7,700,9434,343,355,5,6,1
370.0,4,136,270,363,369,6,0,0
277.184,3,113,262,273,277,3,0,0
246.944,1,83,83,240,240,6,-6,0
293.664,7,1305,16769,289,300,4,7,1
311.12,7,622,14942,302,316,8,5,1
349.232,8,345,13690,339,357,9,8,1
329.632,8,1113,13404,322,337,7,8,1
370.0,4,131,326,361,369,8,0,0
392.0,2,117,157,384,400,7,8,0
277.184,3,121,144,277,283,0,6,0
349.232,6,3641,17248,343,353,5,4,1
329.632,7,269,13855,322,337,7,8,1
311.12,7,1630,8665,304,316,6,5,1
293.664,7,407,1696,287,298,6,5,1
277.184,5,84,260,269,279,7,2,0
370.0,2,139,177,367,371,2,1,0
392.0,2,107,132,384,388,7,-3,0
311.12,8,1406,19403,302,318,8,7,1
293.664,6,3792,15718,289,300,4,7,1
329.632,9,230,15245,322,337,7,8,1
349.232,8,375,3538,339,355,9,6,1
277.184,5,216,423,271,279,5,2,0
370.0,5,176,382,363,371,6,1,0
246.944,2,93,102,240,251,6,5,0
349.232,8,1126,20008,341,355,7,6,1
293.664,7,2723,18584,287,300,6,7,1
329.632,8,732,12417,324,337,5,8,1
311.12,7,125,715,304,318,6,7,1
277.184,5,127,354,271,281,5,4,0
370.0,6,159,283,361,371,8,1,0
392.0,2,158,210,384,386,7,-5,0
311.12,9,427,19098,302,318,8,7,1
329.632,7,560,16063,322,337,7,8,1
349.232,9,570,7655,339,357,9,8,1
293.664,8,697,5607,287,300,6,7,1
277.184,7,264,663,269,281,7,4,0
370.0,4,212,385,361,371,8,1,0
246.944,2,142,166,240,251,6,5,0
349.232,9,830,15317,339,355,9,6,1
293.664,6,2547,12004,289,298,4,5,1
329.632,7,1389,9734,326,337,3,8,1
311.12,7,1607,7666,302,316,8,5,1
277.184,7,142,370,269,283,7,6,0
246.944,1,94,94,251,251,-5,5,0
293.664,8,1201,18040,287,300,6,7,1
329.632,8,500,16108,322,335,7,6,1
349.232,7,557,15199,341,353,7,4,1
311.12,7,555,14550,306,318,4,7,1
370.0,5,115,326,363,371,6,1,0
392.0,4,121,190,382,402,9,10,0
277.184,4,104,154,271,279,5,2,0
415.312,1,112,112,404,404,11,-11,0
311.12,8,711,14013,304,318,6,7,1
293.664,7,1003,8850,287,298,6,5,1
329.632,8,421,7441,324,337,5,8,1
349.232,7,296,6429,341,355,7,6,1
277.184,3,357,577,273,277,3,0,0
370.0,2,329,331,365,367,4,-2,0
233.08,2,211,248,236,238,-3,5,0
392.0,4,184,222,384,402,7,10,0
415.312,2,155,221,404,406,11,-9,0
246.944,1,115,115,240,240,6,-6,0
349.232,8,640,18373,341,355,7,6,1
329.632,9,568,16649,322,337,7,8,1
311.12,7,408,7511,304,316,6,5,1
293.664,7,532,6848,287,298,6,5,1
277.184,3,342,545,273,277,3,0,0
370.0,2,324,358,365,367,4,-2,0
311.12,8,785,17510,304,318,6,7,1
293.664,7,1364,16573,287,298,6,5,1
329.632,4,3026,6074,328,333,1,4,1
349.232,7,495,3109,343,355,5,6,1
277.184,2,311,320,273,275,3,-1,0
370.0,3,233,317,363,367,6,-2,0
246.944,1,102,102,240,240,6,-6,0
329.632,8,940,18318,322,335,7,6,1
349.232,7,529,17547,341,353,7,4,1
293.664,7,780,13818,289,300,4,7,1
311.12,7,472,1155,302,314,8,3,1
392.0,2,150,225,382,384,9,-7,0
277.184,4,118,205,271,281,5,4,0
370.0,3,178,192,365,371,4,1,0
311.12,8,1162,17981,304,318,6,7,1
349.232,7,1219,12564,343,355,5,6,1
329.632,7,580,4579,324,335,5,6,1
293.664,6,958,2923,287,296,6,3,1
370.0,3,119,275,365,369,4,0,0
277.184,1,122,122,277,277,0,0,0
392.0,2,98,115,384,388,7,-3,0
329.632,7,1911,20056,322,337,7,8,1
293.664,6,3948,17371,289,300,4,7,1
349.232,8,605,11110,341,355,7,6,1
311.12,7,553,9709,304,316,6,5,1
277.184,4,239,304,271,277,5,0,0
370.0,4,185,238,363,369,6,0,0
392.0,2,152,172,384,388,7,-3,0
349.232,8,954,19432,341,357,7,8,1
293.664,7,2224,17614,287,298,6,5,1
311.12,8,1231,14558,302,318,8,7,1
329.632,9,189,2454,322,337,7,8,1
370.0,6,126,300,361,371,8,1,0
277.184,4,191,297,273,279,3,2,0
392.0,2,158,163,384,386,7,-5,0
329.632,9,176,20041,322,337,7,8,1
311.12,7,2535,16040,306,318,4,7,1
293.664,8,627,2701,287,300,6,7,1
349.232,10,454,1655,339,357,9,8,1
277.184,8,257,708,269,283,7,6,0
370.0,4,233,377,363,371,6,1,0
246.944,2,102,123,250,251,-3,5,0
349.232,7,1432,19803,343,355,5,6,1
293.664,8,1021,14851,287,300,6,7,1
311.12,7,351,7354,304,316,6,5,1
329.632,7,453,739,322,335,7,6,1
277.184,7,183,461,271,283,5,6,0
370.0,3,242,358,367,371,2,1,0
392.0,6,124,276,382,402,9,10,0
233.08,3,160,165,234,238,-1,5,0
